类型,唯一 ID,ID,名称,开始时间,结束时间,生存时间,
"Process",0,14180,"加密解密工具.exe",0.00,"45,575.01","45,575.01",
"Thread",0,8976,"未知",0.00,"45,575.01","45,575.01",
"Thread",1,7972,"未知",0.01,"42,959.66","42,959.66",
"Thread",2,6336,"未知",0.01,"42,959.02","42,959.01",
"Thread",3,12828,"未知",0.01,"42,959.41","42,959.40",
"Thread",4,12120,"未知",0.01,"42,959.68","42,959.66",
"Thread",5,12384,"未知",0.01,"42,959.62","42,959.61",
"Thread",6,7640,"未知",0.01,"42,959.61","42,959.60",
"Thread",7,6164,"未知",0.02,"42,959.14","42,959.12",
"Thread",8,6892,"未知",0.02,"42,959.02","42,959.00",
"Thread",9,12776,"未知",0.02,"42,959.02","42,959.00",
"Thread",10,1912,"未知",0.02,"42,959.54","42,959.52",
"Thread",11,6960,"未知",0.02,"42,959.53","42,959.51",
"Thread",12,13032,"未知",0.03,"42,959.40","42,959.37",
"Thread",13,3828,"未知",0.03,"42,959.15","42,959.12",
"Thread",14,2124,"未知",0.03,"42,959.40","42,959.37",
"Thread",15,11816,"未知",0.03,"42,959.39","42,959.36",
"Thread",16,6676,"未知",0.03,"42,959.37","42,959.34",
"Thread",17,4812,"未知","21,946.26","42,959.37","21,013.11",
"Thread",18,7768,"未知","21,965.29","42,959.20","20,993.91",
"Thread",19,8368,"未知","22,220.42","42,959.32","20,738.90",
"Thread",20,2936,"未知","22,273.77","42,959.20","20,685.43",
"Thread",21,8744,"未知","22,529.91","42,959.32","20,429.41",
"Thread",22,7196,"未知","22,544.09","42,959.53","20,415.44",
"Thread",23,8464,"未知","22,560.14","42,959.30","20,399.16",
"Thread",24,7036,"未知","26,529.02","26,535.75",6.73,
"Thread",25,5068,"未知","29,020.04","42,959.50","13,939.46",
"Thread",26,6540,"未知","33,074.98","33,080.70",5.72,
"Thread",27,3596,"未知","39,324.79","42,959.49","3,634.69",
"Thread",28,12428,"未知","42,634.50","42,959.26",324.76,
"Thread",29,11312,"未知","42,637.50","42,959.45",321.95,
"Thread",30,12636,"未知","42,945.59","42,959.25",13.66,
"Thread",31,7764,"未知","42,945.67","42,959.31",13.64,
